[{"domain": ".qun.qq.com", "httpOnly": false, "name": "p_skey", "path": "/", "secure": false, "value": "FkFFheX*bZUS98kldGt3KD7wsjbf3566kpxBM6M6g5s_"}, {"domain": ".qq.com", "expiry": 2147385600, "httpOnly": false, "name": "pgv_pvi", "path": "/", "secure": false, "value": "7440192512"}, {"domain": ".qun.qq.com", "httpOnly": false, "name": "p_uin", "path": "/", "secure": false, "value": "o1160725668"}, {"domain": ".qq.com", "httpOnly": false, "name": "skey", "path": "/", "secure": false, "value": "@Qq7CaUrdb"}, {"domain": ".qq.com", "expiry": 2147483647.509375, "httpOnly": false, "name": "ptcz", "path": "/", "secure": false, "value": "0076c9435b9a6caf22f92706e57f2e29a2c5b18835994f4c31e433ff4a7a699e"}, {"domain": ".qq.com", "httpOnly": false, "name": "uin", "path": "/", "secure": false, "value": "o1160725668"}, {"domain": ".qq.com", "expiry": 1557470557, "httpOnly": false, "name": "ptui_loginuin", "path": "/", "secure": false, "value": "1160725668"}, {"domain": ".qq.com", "expiry": 2147483647.509338, "httpOnly": false, "name": "RK", "path": "/", "secure": false, "value": "M2IRnwOZdO"}, {"domain": ".qq.com", "httpOnly": false, "name": "pgv_si", "path": "/", "secure": false, "value": "s7456000000"}, {"domain": ".qun.qq.com", "httpOnly": false, "name": "traceid", "path": "/", "secure": true, "value": "da2c640709"}, {"domain": ".qq.com", "httpOnly": false, "name": "ptisp", "path": "/", "secure": false, "value": "ctc"}, {"domain": ".qun.qq.com", "httpOnly": false, "name": "pt4_token", "path": "/", "secure": false, "value": "pDp7sLlpq284JLMqcJv1t2sXXoT688WtvRVGcLo8ujQ_"}]