[{"domain": ".qun.qq.com", "httpOnly": false, "name": "p_skey", "path": "/", "secure": false, "value": "LDQsJczye3vhSnnRtXaZ90ZQarW6OcJM8jbMx96MO8g_"}, {"domain": ".qq.com", "expiry": 2147385600, "httpOnly": false, "name": "pgv_pvi", "path": "/", "secure": false, "value": "4636017664"}, {"domain": ".qun.qq.com", "httpOnly": false, "name": "p_uin", "path": "/", "secure": false, "value": "o1160725668"}, {"domain": ".qq.com", "httpOnly": false, "name": "skey", "path": "/", "secure": false, "value": "@0GRF5qVdi"}, {"domain": ".qq.com", "expiry": 2147483648.012644, "httpOnly": false, "name": "ptcz", "path": "/", "secure": false, "value": "cc7be780bd3a87cd7adb8751eee6e2bc31c461672281c0ec6117899bca4befae"}, {"domain": ".qq.com", "httpOnly": false, "name": "uin", "path": "/", "secure": false, "value": "o1160725668"}, {"domain": ".qq.com", "expiry": 1558574132, "httpOnly": false, "name": "ptui_loginuin", "path": "/", "secure": false, "value": "1160725668"}, {"domain": ".qq.com", "expiry": 2147483648.012485, "httpOnly": false, "name": "RK", "path": "/", "secure": false, "value": "f+IRnwOofO"}, {"domain": ".qq.com", "httpOnly": false, "name": "pgv_si", "path": "/", "secure": false, "value": "s8233271296"}, {"domain": ".qun.qq.com", "httpOnly": false, "name": "traceid", "path": "/", "secure": true, "value": "1736da9522"}, {"domain": ".qq.com", "httpOnly": false, "name": "ptisp", "path": "/", "secure": false, "value": "ctc"}, {"domain": ".qun.qq.com", "httpOnly": false, "name": "pt4_token", "path": "/", "secure": false, "value": "08U9k3SdTih-ACHLS7pHdX*0Y8QwsVq3jnud9oUQCNA_"}]